{"accuracy": 0.724125, "loss": 0.8460142694711685, "_timestamp": 1712327946.58213, "_runtime": 1410.209589958191, "_step": 19, "val_accuracy": 0.7198599299649825, "val_loss": 0.8568835710214936, "_wandb": {"runtime": 1434}}