{"accuracy": 0.867103727984888, "loss": 0.3996695137711404, "_timestamp": 1712436482.097922, "_runtime": 1512.834608078003, "_step": 9, "val_accuracy": 0.8584292146073037, "val_loss": 0.436125209818726, "_wandb": {"runtime": 1521}}