{"accuracy": 0.935, "loss": 0.2016540725454688, "_timestamp": 1712302747.735436, "_runtime": 2228.0847840309143, "_step": 19, "val_accuracy": 0.5887943971985993, "val_loss": 1.9043029758141838, "_wandb": {"runtime": 2256}}