{"accuracy": 0.667259292182899, "loss": 1.0060465064629747, "_timestamp": 1712489590.52635, "_runtime": 1615.6090891361237, "_step": 9, "val_accuracy": 0.6908454227113556, "val_loss": 0.8939775142924913, "_wandb": {"runtime": 1657}}