{"Image_0": 0, "Image_1": 1, "Image_2": 2, "Image_3": 3, "Image_4": 4, "Image_5": 5, "Image_6": 6, "Image_7": 7, "Image_8": 8, "Image_9": 9, "Image_10": 10, "Image_11": 11, "Image_12": 12, "Image_13": 13, "Image_14": 14, "Image_15": 15, "Image_16": 16, "Image_17": 17, "Image_18": 18, "Image_19": 19, "Image_20": 20, "Image_21": 21, "Image_22": 22, "Image_23": 23, "Image_24": 24, "Image_25": 25, "Image_26": 26, "Image_27": 27, "Image_28": 28, "Image_29": 29, "_timestamp": 1712385924.817712, "_runtime": 21.359529972076416, "_step": 0, "_wandb": {"runtime": 21}}