{"accuracy": 0.22845713650758376, "loss": 2.1202715130685217, "_timestamp": 1712346537.5916328, "_runtime": 230.7107288837433, "_step": 1, "val_accuracy": 0.25962981490745374, "val_loss": 2.0756198152892287, "_wandb": {"runtime": 248}}