{"val_accuracy": 0.0010005002501250625, "val_loss": 7.930158390886728, "_timestamp": 1712292795.115714, "_runtime": 52.767131090164185, "_step": 1, "_wandb": {"runtime": 59}}