{"val_accuracy": 0.10005002501250625, "val_loss": 2.3031689942986326, "_timestamp": 1712349455.803871, "_runtime": 24.597832918167114, "_step": 0, "_wandb": {"runtime": 65}}