{"accuracy": 0.5803655758653259, "loss": 1.3175675781695497, "_timestamp": 1712396550.563853, "_runtime": 275.059739112854, "_step": 1, "val_accuracy": 0.7038519259629815, "val_loss": 0.9222677047399356, "_wandb": {"runtime": 428}}