{"accuracy": 0.6690371687315962, "loss": 1.002310976424981, "_timestamp": 1712434762.232532, "_runtime": 2453.821277141571, "_step": 19, "val_accuracy": 0.7218609304652326, "val_loss": 0.8474254234544393, "_wandb": {"runtime": 2476}}