{"accuracy": 0.8643813545196956, "loss": 0.40472425304920756, "_timestamp": 1712487669.737773, "_runtime": 1748.9290499687195, "_step": 9, "val_accuracy": 0.8354177088544272, "val_loss": 0.5123921530419078, "_wandb": {"runtime": 1780}}