{"val_accuracy": 0.10005002501250625, "val_loss": 2.3030271920160748, "_timestamp": 1712349720.1087098, "_runtime": 24.88466787338257, "_step": 0, "_wandb": {"runtime": 45}}