{"accuracy": 0.6652591810656148, "loss": 1.0106780492065284, "_timestamp": 1712398203.897069, "_runtime": 1343.6547169685364, "_step": 9, "val_accuracy": 0.7023511755877939, "val_loss": 0.9049471407428034, "_wandb": {"runtime": 1463}}