{"accuracy": 0.728375, "loss": 0.8270728410482406, "_timestamp": 1712300280.40222, "_runtime": 1530.8383910655975, "_step": 19, "val_accuracy": 0.7178589294647324, "val_loss": 0.8704237717279737, "_wandb": {"runtime": 1558}}