{"accuracy": 0.6878715484193566, "loss": 0.9353078497708576, "_timestamp": 1712337409.567482, "_runtime": 3108.3721330165863, "_step": 19, "val_accuracy": 0.7483741870935467, "val_loss": 0.7800403638384591, "_wandb": {"runtime": 3137}}