{"accuracy": 0.67575, "loss": 1.0328846235275269, "_timestamp": 1712298634.645907, "_runtime": 262.0639088153839, "_step": 3, "val_accuracy": 0.7083541770885443, "val_loss": 0.912349943938167, "_wandb": {"runtime": 317}}